{
  "$schema": "https://developer.microsoft.com/json-schemas/spfx/client-side-web-part-manifest.schema.json",
  "id": "42220769-a684-4b48-ba56-c4b2763b3eb6",
  "alias": "HelloWorldWebPart",
  "componentType": "WebPart",
  "version": "*",
  "manifestVersion": 2,
  "requiresCustomScript": false,
  "preconfiguredEntries": [{
    "groupId": "5c03119e-3074-46fd-976b-c60198311f70",
    "group": { "default": "Other" },
    "title": { "default": "HelloWorldWebPart" },
    "description": { "default": "Hello World WebPart" },
    "officeFabricIconFontName": "Page",
    "properties": {

    }
  }]
}
